"id","title","createdAt","updatedAt","userId","chats"
"68b65a58-d36e-4993-8da3-fc69466d63e4","I am from Pakistan and Pakistan is facing difficulties. May it get well soon","2024-01-23T14:03:47.750Z","2024-01-23T14:03:47.750Z",null,[object Object]
"d153587a-3081-4465-9027-febc7572a37d","This is a brand new chat","2024-01-23T14:02:53.783Z","2024-01-23T14:02:53.783Z",null,[object Object]
"9aca5d61-70f0-4391-bc7e-41ef62861d46","This is a brand new chat","2024-01-23T14:02:19.025Z","2024-01-23T14:02:19.025Z",null,[object Object]
"48fe8805-568b-478b-b6e4-d1991a9c67e7","wow","2024-01-22T18:33:32.394Z","2024-01-22T18:33:32.394Z",null,[object Object],[object Object]
"1bcf2562-da97-466a-b14b-74200081495c","iam","2024-01-22T22:24:27.469Z","2024-01-22T22:24:27.469Z",null,[object Object],[object Object],[object Object],[object Object],[object Object],[object Object]
"38c60df0-4a5e-466b-9ed4-6f0bb4a5db6a","9iu","2024-01-22T22:24:55.005Z","2024-01-22T22:24:55.005Z",null,[object Object],[object Object],[object Object],[object Object],[object Object],[object Object],[object Object],[object Object]
"7cdaf43c-2c7b-43b2-8faf-6458098d4b9a","letsstart","2024-01-22T22:25:35.286Z","2024-01-22T22:25:35.286Z",null,[object Object],[object Object]
"5040086d-4ce6-4986-83ac-388393d6bbdb","Now lets do a new code","2024-01-19T19:00:04.347Z","2024-01-19T19:00:04.347Z",null,[object Object],[object Object],[object Object],[object Object]
"ba0540f4-f10f-45b1-9b33-d39a57bcc314","hi","2024-01-22T21:08:15.508Z","2024-01-22T21:08:15.508Z",null,[object Object]
"5e53d439-8292-4b21-a9a9-e0392ff521a7","Hi","2024-01-22T18:55:47.472Z","2024-01-22T18:55:47.472Z",null,[object Object]
"e4f6eee6-3776-4713-9161-7f09a69f8672","Wow","2024-01-22T18:37:17.620Z","2024-01-22T18:37:17.620Z",null,[object Object]
"006c76c3-40e9-4fb5-a85f-becfcced3550","yes","2024-01-22T18:35:03.416Z","2024-01-22T18:35:03.416Z",null,[object Object]
"57e0ef69-b2bd-4260-8283-055853f39083","U","2024-01-22T18:26:57.838Z","2024-01-22T18:26:57.838Z",null,[object Object]
"387095e1-145c-42b8-a11b-25c5254b728b","Hi","2024-01-22T18:26:48.054Z","2024-01-22T18:26:48.054Z",null,[object Object]
"a6f59ee5-1984-4570-ba17-48de39c0e688","Hey","2024-01-22T16:35:59.328Z","2024-01-22T16:35:59.328Z",null,[object Object]
"8a320651-19d8-4b0f-929a-438530a0e111","Hey","2024-01-22T12:35:52.019Z","2024-01-22T12:35:52.019Z",null,[object Object],[object Object],[object Object],[object Object],[object Object],[object Object]
"504af075-31ee-4197-923c-c2681f50e7e3","Can you assist me in code","2024-01-19T17:45:24.569Z","2024-01-19T17:45:24.569Z",null,[object Object],[object Object],[object Object],[object Object],[object Object],[object Object],[object Object],[object Object]
"ed00ab48-eddf-4df7-81e3-c12a6143ccf4","This works now it must work","2024-01-20T19:04:25.424Z","2024-01-20T19:04:25.424Z",null,[object Object],[object Object],[object Object],[object Object],[object Object],[object Object],[object Object],[object Object],[object Object],[object Object],[object Object],[object Object],[object Object],[object Object],[object Object],[object Object],[object Object]
"3b101722-d140-40b8-82e6-69f9fe721063","Hey","2024-01-22T12:30:16.451Z","2024-01-22T12:30:16.451Z",null,[object Object]
"f97d971c-b473-4318-9551-60cfb6872801","Hey","2024-01-22T12:24:57.799Z","2024-01-22T12:24:57.799Z",null,[object Object]
"c2db075e-da44-4fbc-af03-cf0fa55bc0b8","Hey","2024-01-22T12:23:00.803Z","2024-01-22T12:23:00.803Z",null,[object Object]
"2c55bd5a-8fdc-4b04-a9da-877d4719a669","Hey","2024-01-22T12:07:06.631Z","2024-01-22T12:07:06.631Z",null,[object Object]
"4c95a675-a217-419b-8d0f-23d180748e49","Hey","2024-01-22T09:48:59.707Z","2024-01-22T09:48:59.707Z",null,[object Object]
"871df722-062a-4a92-b0e1-77bff31c428b","Hey","2024-01-22T09:45:29.863Z","2024-01-22T09:45:29.863Z",null,[object Object]
"7523e6ab-a513-4b36-af9d-da0762371182","Hey","2024-01-22T09:42:45.779Z","2024-01-22T09:42:45.779Z",null,[object Object]
"e314b046-6541-4303-b031-5e5368b41bce","Hey","2024-01-22T09:29:58.891Z","2024-01-22T09:29:58.891Z",null,[object Object]
"e72d600f-5642-4c81-9160-7a901fdea4b3","Hey","2024-01-22T09:24:23.678Z","2024-01-22T09:24:23.678Z",null,[object Object]
"f1bc486c-c16b-4b8c-a83e-5ba95823b52e","Hey","2024-01-22T09:23:10.928Z","2024-01-22T09:23:10.928Z",null,[object Object]
"2caad6b1-4415-4ead-bfac-39769388882a","Hey","2024-01-22T09:11:23.697Z","2024-01-22T09:11:23.697Z",null,[object Object]
"7b1ab956-32a0-4f5e-b7d4-2ce22b550c88","Hi","2024-01-22T08:19:05.790Z","2024-01-22T08:19:05.790Z",null,[object Object]
"a1f92356-9e46-4ac8-8e28-afbd14908f02","Hi","2024-01-22T08:07:23.555Z","2024-01-22T08:07:23.555Z",null,[object Object]
"29895d4f-7ea1-44b9-8930-928c38cceae6","Hi","2024-01-22T08:02:58.168Z","2024-01-22T08:02:58.168Z",null,[object Object]
"7c1a1d68-ac31-495f-91c7-e230549acd66","Hi","2024-01-22T07:59:11.661Z","2024-01-22T07:59:11.661Z",null,[object Object]
"167ec92c-afae-48b6-b140-d43744fe7aec","This works now it must work","2024-01-22T07:52:42.190Z","2024-01-22T07:52:42.190Z",null,[object Object]
"75c8bf8d-8021-45a7-9092-1c9f7c2291e9","This works now it must work","2024-01-22T06:41:25.876Z","2024-01-22T06:41:25.876Z",null,[object Object]
"37776fd2-f9a3-41c7-bc25-2186c7a3a359","This works","2024-01-20T18:46:08.527Z","2024-01-20T18:46:08.527Z",null,[object Object]
